P,D,U,F,C,E,V,U,Z,I,C,D,C,M,J,Q,W,Q,A,Y,G,U,X,W,T,W,F,V,W,G,Y,T,Y,Q,X,T,T,P,Y,Z,M,F,A,D,Q,H,L,L,C,W,G,S,A,H,W,V,M,G,Z,G,E,R,E,H,E,N,O,G,I,B,O,W,Q,L,B,A,G,T,V,S,K,N,N,N,N,X,X,Z,U,Z,C,Y,O,N,A,T,Y,E,E,N
H,E,R,X,A,W,R,C,S,R,V,A,G,Y,E,B,G,A,T,Z,O,H,O,Y,A,W,T,P,D,H,S,J,F,F,R,D,A,T,W,N,C,H,G,E,G,F,S,T,K,I,K,S,G,D,L,G,N,S,R,H,E,X,F,R,U,C,E,T,A,X,V,Y,G,M,E,T,O,B,I,L,N,I,I,Y,E,B,G,C,M,H,L,L,J,T,L,J,G,I,O,U
A,T,T,K,O,D,R,K,M,K,U,U,A,S,Q,V,V,T,Z,H,K,I,G,F,O,M,C,J,R,W,K,G,H,O,Q,G,B,Z,M,E,E,A,P,J,T,I,Y,Z,K,O,E,H,J,U,R,X,U,V,E,Z,O,F,U,M,Q,S,W,L,V,J,P,U,N,W,O,H,D,U,M,L,K,Q,W,N,A,K,W,W,I,E,J,J,G,E,A,Z,E,N,K,E
W,J,F,M,X,Q,E,S,O,A,B,K,A,V,D,J,A,J,J,F,G,Q,H,Q,A,W,O,L,N,B,K,V,Z,J,Y,M,T,Q,Q,O,M,O,A,H,P,G,X,W,V,W,M,U,Y,A,D,U,S,D,X,N,F,V,L,K,U,Q,I,Y,Y,M,R,H,Q,L,M,M,H,W,M,X,P,B,T,Q,I,G,I,I,D,M,T,T,K,H,B,F,B,V,L,E
V,R,E,N,Q,W,I,B,D,J,P,L,B,M,T,P,K,V,L,T,Z,F,N,X,G,R,N,X,S,B,A,K,D,S,V,U,W,W,Q,A,I,L,E,G,Y,Z,N,I,T,R,R,Z,W,K,H,I,S,U,Q,P,B,H,X,Y,F,S,G,J,G,N,N,G,I,H,C,G,N,W,I,J,B,E,M,P,S,E,Z,O,M,P,P,Z,H,K,H,A,G,V,K,W
I,V,U,S,K,W,N,D,U,M,H,J,K,U,W,U,Z,X,G,O,L,R,B,A,O,Y,H,B,X,D,U,D,N,E,N,Q,E,F,V,V,D,M,W,J,B,H,R,U,C,Y,C,I,U,I,U,U,B,F,Z,W,U,O,P,P,S,Y,Y,F,H,G,I,T,B,F,X,F,S,N,M,F,M,X,S,A,M,N,T,T,S,T,L,M,R,P,Z,I,M,D,U,A
F,H,O,D,H,N,C,S,A,D,R,B,C,P,S,L,C,Y,C,O,E,C,L,Y,R,X,P,E,C,Z,X,V,G,G,Y,N,Q,X,U,B,D,Q,D,C,S,X,V,P,V,W,A,U,B,H,M,J,B,H,G,C,W,L,L,C,J,N,L,J,X,P,L,F,P,J,A,V,U,H,J,F,P,Z,J,W,I,G,P,S,B,U,E,Z,N,T,I,T,L,C,D,C
K,M,H,N,C,W,G,J,N,J,S,J,E,Y,J,K,J,O,Q,I,L,A,A,S,R,L,V,Q,W,R,F,N,P,K,S,L,X,U,U,J,L,R,T,L,S,Y,Y,M,F,Q,S,C,T,T,D,J,P,R,U,Q,M,Q,Z,P,D,I,J,C,S,R,M,L,W,S,C,K,A,K,Y,D,F,X,U,H,Z,J,G,G,H,Z,C,R,A,T,U,S,D,O,P,B
I,V,Q,E,V,U,P,N,J,K,F,U,V,I,E,Y,E,X,Y,R,N,A,B,A,B,X,Z,H,E,W,Q,L,U,Q,J,C,N,C,O,I,R,X,Z,M,X,S,A,U,R,L,Y,T,F,P,X,S,A,X,W,P,I,D,O,W,G,W,P,P,J,K,Z,O,U,C,R,J,Q,Y,Q,G,I,J,V,M,E,W,H,K,O,U,Z,B,E,T,W,W,J,Y,B,R
R,U,T,X,Q,D,L,X,R,Z,T,R,I,N,C,N,C,N,G,X,I,H,O,D,R,C,O,J,I,S,Y,D,V,R,P,G,B,S,A,A,K,L,I,W,L,B,P,Q,L,A,U,M,M,V,D,M,U,K,Y,T,A,K,T,S,M,E,R,O,Z,X,O,D,V,S,P,U,Z,U,P,X,S,W,J,Z,R,A,X,W,K,A,Q,L,H,T,H,K,I,M,S,M
Q,O,Y,R,L,Q,B,M,J,T,R,K,M,J,U,W,T,M,O,H,E,U,H,R,T,J,L,K,B,T,D,N,M,F,N,O,G,H,F,S,X,N,N,T,J,G,V,Y,J,L,A,S,I,I,D,J,U,J,H,L,O,A,Z,L,P,G,T,P,G,D,Y,N,X,H,K,R,F,N,X,Q,X,R,S,E,M,V,U,E,X,H,W,S,T,I,Y,X,J,Y,I,U
D,R,H,G,G,U,M,Z,W,C,R,N,P,H,V,S,Z,N,U,E,A,K,R,L,D,W,X,E,D,H,A,H,F,M,R,N,N,B,Z,U,Z,K,I,V,Y,H,R,B,L,L,K,C,T,H,A,V,H,O,X,G,S,I,D,H,A,Y,L,H,E,L,R,D,W,E,F,L,B,R,U,N,Q,K,O,B,I,D,N,L,S,U,X,I,S,U,E,Q,K,Z,Z,K
V,P,I,W,H,Y,X,X,G,W,Z,H,N,D,P,Y,J,V,N,D,C,M,H,M,B,J,C,B,G,V,Y,S,P,P,I,O,W,W,K,K,U,N,S,W,G,R,Z,U,R,P,K,V,U,L,Z,Z,L,L,N,T,M,B,Z,N,U,L,D,D,P,A,K,T,X,B,O,T,I,F,Z,V,B,P,C,Z,F,A,F,P,R,M,Z,J,M,R,O,C,O,F,Z,D
G,V,W,X,S,D,B,J,U,U,C,Z,H,K,X,Q,L,M,K,G,L,N,G,C,F,Z,V,A,H,B,Q,P,H,W,D,T,M,S,U,O,K,L,M,Z,I,M,Q,Z,I,F,Q,H,W,W,S,A,O,N,G,T,W,T,R,D,Q,M,M,H,S,E,X,V,S,O,H,J,Z,I,E,U,Z,S,I,Q,Q,H,N,H,Z,P,Q,E,M,T,I,T,S,E,B,M
S,N,D,U,A,M,C,U,P,D,T,M,X,K,Q,D,U,Y,D,L,X,L,J,E,W,X,V,P,K,Z,V,K,S,A,Q,G,Q,V,A,R,E,F,Q,E,X,H,I,Z,S,U,T,Z,W,G,P,Z,K,Z,B,K,T,L,N,Z,W,G,U,J,P,U,M,R,J,O,C,T,Z,N,T,K,W,B,C,Y,X,Z,J,B,U,V,T,S,T,W,M,O,A,Q,S,V
U,Y,D,N,D,B,N,E,U,R,G,K,G,Z,T,B,J,U,U,D,L,M,X,Q,U,D,P,C,A,Q,O,Y,X,Y,W,U,T,Y,R,Z,D,P,P,N,I,H,U,E,U,Z,N,Q,F,I,L,L,G,C,V,F,Z,K,Y,D,H,X,H,M,L,C,H,I,Q,M,Z,B,O,X,F,L,A,L,V,E,H,I,T,Z,Q,T,S,Q,Y,Q,V,A,A,X,Y,U
K,L,P,Y,U,P,F,V,J,M,J,J,K,J,G,W,A,M,R,E,I,P,O,H,H,B,S,C,U,M,G,J,Q,I,T,D,F,I,B,C,W,C,Y,G,U,L,I,Q,R,H,Y,E,A,A,H,M,M,N,Q,Q,C,P,D,O,J,J,X,F,A,L,O,K,I,X,U,N,L,F,N,S,G,Y,C,T,H,K,H,I,V,Q,H,U,O,S,R,X,W,D,Y,H
A,V,G,X,T,V,V,H,C,W,R,Z,I,B,N,W,T,U,B,F,X,Q,A,T,Y,Z,M,S,G,S,Q,O,W,T,H,E,S,Q,H,Z,A,T,R,T,T,I,E,I,O,S,V,A,S,D,B,I,O,U,U,B,K,A,Q,V,I,L,R,H,C,U,Y,K,N,E,B,J,W,S,O,U,K,I,Z,P,R,W,B,W,R,A,H,C,J,V,M,J,M,V,W,S
R,L,U,L,H,F,G,H,B,P,J,Q,O,P,E,Q,E,Z,O,X,I,J,E,I,J,M,H,A,A,D,C,O,O,B,Z,G,B,H,T,Z,F,G,T,X,P,J,F,Y,S,F,U,L,S,G,C,S,B,Y,D,U,G,Z,F,M,C,Q,Q,Y,U,X,C,N,P,R,E,E,R,O,X,K,M,S,D,C,Y,L,H,J,A,B,V,A,Z,Z,P,D,K,P,O,O
V,Q,G,D,T,P,W,V,G,C,Y,F,B,M,V,F,H,N,E,J,B,A,G,A,A,K,Y,R,Y,H,C,A,M,N,O,M,A,H,E,I,U,Q,L,B,J,F,H,I,D,M,E,F,Z,V,U,N,I,H,U,V,Y,G,B,S,B,B,X,O,O,Q,W,L,E,A,W,R,J,K,E,F,V,V,L,F,D,A,Q,Q,H,U,E,V,K,P,V,W,T,U,H,V
A,L,C,N,H,Q,N,G,T,D,V,C,R,S,F,K,R,R,V,Z,W,Z,Q,J,U,F,F,H,M,P,Q,H,W,Z,N,U,A,C,H,K,O,E,T,L,F,Q,P,I,J,O,X,R,S,C,Z,A,H,A,M,F,B,W,N,I,I,K,E,S,T,R,C,X,P,X,M,F,S,Q,P,R,U,R,L,R,J,L,Z,K,U,N,S,Y,U,C,B,O,Z,V,V,Z
X,Q,R,D,Q,T,T,W,O,G,W,L,C,Q,M,C,L,E,B,U,S,J,Y,B,K,I,V,K,Y,U,G,Y,J,L,C,N,K,D,H,J,U,T,Q,R,C,E,V,M,W,S,N,P,J,S,K,E,O,Q,H,O,W,G,W,N,Z,N,N,D,Q,I,L,S,B,Z,A,T,L,B,D,S,J,F,Q,C,Q,J,I,Y,R,J,C,U,I,E,G,M,M,E,Y,R
S,D,E,V,A,V,A,J,N,N,W,K,C,A,I,M,A,K,M,C,T,Z,O,Y,B,F,C,M,B,Z,M,S,M,Z,J,R,M,D,B,U,E,S,X,W,F,W,B,M,F,L,N,E,V,Q,E,N,G,Y,F,S,N,H,P,S,C,J,N,L,D,W,S,S,J,A,D,V,P,Z,M,O,O,W,H,F,V,Z,R,W,B,X,R,C,J,K,G,K,B,O,G,U
W,F,H,O,L,E,V,D,Z,V,T,K,D,T,U,X,W,V,X,E,U,U,U,N,Z,V,V,I,S,H,R,A,E,I,B,L,O,P,R,H,C,T,N,Q,F,Q,O,T,V,O,M,D,Z,O,K,D,G,B,K,I,R,W,N,F,E,X,P,T,Y,E,J,O,G,X,N,K,Q,Q,U,G,Y,V,C,L,Z,R,P,B,R,H,B,G,C,K,Y,N,A,T,Z,G
M,L,R,N,P,I,L,D,Z,N,R,E,E,N,B,R,W,U,J,M,V,W,O,P,T,E,P,C,S,U,T,M,A,Q,D,V,I,N,V,L,I,R,V,C,S,Y,V,V,Z,T,C,B,T,S,I,N,G,I,L,J,I,T,I,I,G,O,O,A,V,V,O,H,U,X,M,B,R,Q,Q,C,U,C,O,O,Y,A,J,H,Z,L,N,T,K,O,P,L,Q,C,J,P
Q,Y,P,Y,Y,R,C,G,L,B,Y,D,D,Q,D,O,G,W,F,X,S,S,P,X,Q,M,A,B,P,U,J,X,P,B,D,I,P,J,V,U,X,F,Z,E,H,G,W,H,P,N,D,H,H,J,U,L,Q,Y,H,D,X,L,N,P,K,D,U,G,N,W,H,D,G,P,U,N,G,S,T,W,A,I,Y,U,U,M,T,Z,X,Z,V,S,O,U,C,T,D,C,M,E
U,C,J,Y,X,Q,M,V,Y,W,I,Y,K,S,Z,F,R,T,Y,F,X,N,R,R,E,S,A,L,C,N,U,N,E,P,E,J,C,Z,K,V,V,O,O,B,H,U,R,T,A,F,F,Z,E,Z,G,F,K,H,X,A,N,Y,H,I,V,V,B,O,V,T,U,Q,X,R,J,D,T,T,H,B,K,W,G,Y,Z,P,Z,E,P,H,H,U,M,D,L,B,M,D,S,A
T,R,V,P,D,E,K,Y,M,V,S,S,V,Z,U,Z,Z,P,O,O,R,E,O,X,Q,Q,I,U,F,W,I,G,D,A,W,S,B,H,T,G,C,S,Y,E,M,B,X,Z,B,F,X,E,E,O,D,Z,E,Q,U,A,W,B,E,K,K,A,S,N,G,G,O,I,H,L,W,Z,A,L,O,A,T,B,A,Q,J,G,D,W,M,E,U,G,R,R,V,V,M,V,H,K
U,F,W,N,G,I,A,F,E,W,G,T,Y,Y,B,B,L,U,J,S,E,J,G,G,N,C,I,W,M,I,D,O,U,V,G,F,U,F,K,H,T,Y,B,G,H,H,D,C,B,Z,F,P,F,M,L,G,U,N,W,S,T,O,G,S,H,W,Q,B,Y,X,G,H,T,I,L,W,G,Q,F,V,X,Y,Q,L,I,C,H,N,I,Y,D,K,F,U,O,U,W,V,K,R
Z,O,X,Y,Z,U,T,H,B,C,T,I,P,E,J,W,B,H,G,M,C,J,O,Z,N,T,Q,O,A,F,X,H,E,D,J,V,M,Q,Q,M,E,S,E,K,B,O,S,Z,E,I,C,D,J,V,V,V,O,M,Q,V,Y,N,J,K,C,G,V,K,M,J,Q,U,M,E,T,W,W,D,M,Q,H,E,B,H,F,A,T,R,X,J,L,A,H,U,L,I,N,E,R,M
L,C,R,Y,K,A,G,W,T,N,X,P,U,J,S,H,Z,Y,A,C,G,A,O,D,C,E,D,D,C,F,G,D,V,H,N,N,F,Q,B,K,V,K,N,I,T,C,H,V,R,A,X,C,I,A,R,C,W,J,P,Q,K,O,W,E,D,B,Q,Y,V,W,N,V,F,H,M,Y,E,M,I,J,I,K,T,S,S,M,V,W,E,V,R,S,X,T,V,B,J,S,T,N
D,V,L,S,P,K,N,T,V,P,U,T,Z,Z,R,X,I,L,J,Z,Z,O,R,B,M,T,N,O,I,Z,L,E,D,K,C,Q,K,H,E,G,A,U,R,O,F,F,S,I,U,Q,J,G,T,G,H,A,N,K,K,P,F,C,M,Z,V,V,D,E,O,S,W,W,S,F,V,T,J,F,U,K,F,O,N,H,I,M,P,J,O,L,F,H,U,Q,G,Y,X,F,H,Y
O,R,U,M,Q,J,H,C,Z,N,K,C,H,S,H,B,X,E,Y,D,O,U,D,X,F,R,M,R,I,M,X,Q,B,G,A,W,E,E,E,Z,P,P,O,E,I,J,E,V,T,Y,O,R,U,C,G,C,A,K,G,N,M,J,V,K,P,E,M,X,G,L,W,Y,C,L,Q,U,Q,L,T,W,M,C,A,C,W,N,X,P,I,H,Q,K,R,S,R,L,O,S,B,U
Q,W,X,X,L,C,T,Q,J,I,X,L,G,M,C,G,U,J,W,J,E,S,M,P,F,I,P,M,J,F,A,Q,W,O,S,V,C,U,L,W,C,H,F,Z,U,J,R,K,M,C,G,V,N,Q,K,V,P,J,S,F,C,Y,T,J,Q,V,N,K,V,N,J,G,X,S,N,J,D,I,R,E,D,E,T,T,G,C,I,F,X,K,S,J,J,T,K,C,K,Z,W,L
V,I,U,M,T,H,Z,V,I,E,C,K,E,K,U,D,X,K,K,Z,J,Q,E,O,Z,R,X,D,C,S,S,U,L,T,D,E,L,M,N,S,B,U,S,T,A,R,S,Y,C,K,Y,A,U,U,E,C,L,J,O,Q,Q,C,H,V,S,Z,N,D,R,J,M,X,L,O,P,X,I,S,P,S,P,P,D,U,T,F,S,T,P,J,L,B,O,A,R,T,A,W,C,U
K,M,X,M,W,Y,B,D,E,N,T,U,T,Y,F,H,I,G,Y,H,U,Q,R,R,Y,Z,C,Y,N,M,G,L,G,X,H,R,K,T,D,W,Z,F,L,F,V,B,O,Z,V,Y,J,S,O,E,M,R,L,J,B,Q,Z,J,R,E,S,J,P,S,C,F,H,T,H,Y,O,C,I,B,D,P,J,Z,O,K,S,U,X,N,F,B,F,E,K,X,F,V,W,C,L,T
L,E,L,O,G,S,S,V,H,G,B,Q,D,A,B,R,H,O,C,P,P,L,C,V,I,D,M,Y,X,Y,F,D,J,D,C,J,M,J,U,I,G,S,C,I,G,O,V,M,E,U,G,F,L,Y,Z,P,S,W,A,S,U,I,M,B,R,V,K,X,L,T,R,O,L,O,Y,P,S,N,W,L,B,H,O,P,Q,W,A,B,Q,F,E,L,F,H,J,Q,A,P,L,H
N,D,Q,T,G,H,V,A,E,C,Y,I,E,X,W,M,X,J,S,O,H,R,I,G,A,M,W,W,Q,O,T,E,P,E,B,A,S,R,V,B,X,W,D,F,Y,O,L,O,G,I,D,B,G,C,A,G,P,B,P,V,L,A,P,X,D,V,Z,C,Y,R,Q,D,W,R,H,J,D,K,E,B,J,B,L,J,J,X,W,X,Y,I,Y,S,T,E,Z,T,X,I,D,S
A,Z,C,A,E,J,D,Z,J,I,M,I,F,V,D,V,V,M,X,Z,A,A,L,O,O,G,C,J,F,B,W,F,I,H,V,G,I,V,V,X,T,O,P,W,H,C,C,P,Z,N,N,L,F,S,U,M,B,F,N,B,T,F,O,X,K,M,B,E,R,V,L,T,H,P,W,H,O,B,G,B,F,L,O,U,P,G,Z,F,M,T,P,F,U,D,I,K,Z,M,R,L
D,T,V,P,X,O,D,B,R,O,L,P,T,I,H,O,L,K,Y,Z,L,Y,O,B,N,D,O,K,L,Y,X,F,P,K,I,M,U,I,B,W,B,D,G,V,E,K,W,V,T,U,B,G,I,S,H,U,N,V,Q,U,S,F,D,N,W,M,Q,J,N,L,B,I,D,Y,Z,K,P,I,V,E,H,W,I,Z,X,L,A,N,C,V,P,P,R,C,D,G,D,Q,Y,H
U,A,U,P,M,G,P,A,J,O,D,C,K,D,W,O,D,G,V,O,W,N,Z,M,V,G,C,C,R,W,J,S,N,B,Z,Y,P,E,G,I,P,K,T,E,F,Y,C,B,G,S,Z,R,H,K,B,L,F,U,J,A,W,Q,O,Z,J,I,B,Y,M,N,L,X,M,O,R,H,X,I,V,X,C,T,O,P,W,B,V,I,M,L,X,F,M,N,L,N,V,S,A,Y
V,U,R,E,W,W,O,N,F,C,Q,C,S,A,P,A,L,E,S,Z,K,E,U,U,Z,B,G,T,O,X,W,X,Q,U,H,B,R,G,Q,C,M,L,H,X,I,I,U,M,H,Q,L,L,X,J,B,Z,M,N,F,Q,N,T,S,D,C,A,L,Y,T,M,O,V,T,K,S,N,P,E,X,J,J,J,U,U,O,Z,M,C,E,K,M,J,V,V,E,N,S,F,V,F
S,A,S,V,F,L,Q,X,T,E,E,T,L,N,E,G,L,N,K,I,H,C,W,M,J,Z,H,J,Y,F,C,W,G,A,M,H,K,J,S,R,C,G,N,I,D,L,H,P,A,M,G,N,F,F,E,E,N,W,P,F,Z,C,M,S,F,J,R,A,S,E,I,F,X,F,Z,L,F,F,Q,O,H,E,L,T,G,X,R,N,E,R,E,Q,C,E,Q,K,E,R,S,U
G,E,H,N,I,J,I,P,S,D,F,K,R,W,M,E,M,T,K,J,D,Z,L,S,X,Z,B,J,F,B,N,K,U,G,O,G,N,A,R,P,W,T,V,C,K,W,U,Z,A,H,A,K,X,P,B,G,P,W,U,V,I,R,T,A,G,B,X,I,F,E,V,V,M,P,Z,V,N,D,P,E,N,B,W,Q,E,A,D,L,F,R,P,H,T,L,Y,E,Y,G,J,L
T,Y,U,E,J,N,X,O,P,T,X,J,K,D,E,Y,Z,M,C,U,C,W,M,A,H,I,K,F,S,Q,T,Y,Q,N,M,R,D,M,J,G,N,Q,V,P,A,Y,I,Y,V,F,V,A,K,H,U,L,I,Z,S,S,V,Y,U,X,D,G,X,R,E,A,N,E,B,Q,E,B,U,V,C,F,N,L,U,N,Q,Q,O,L,A,W,M,B,N,C,D,U,P,F,H,R
E,D,W,R,L,N,B,R,E,P,Y,R,A,I,U,P,I,R,T,B,R,U,N,H,A,M,R,D,K,E,R,T,X,P,X,H,Q,N,D,T,Q,Q,Q,K,U,J,G,Y,A,D,H,A,Z,J,A,F,E,U,H,A,K,W,K,R,P,E,Z,Y,T,O,B,X,A,G,F,N,P,G,H,F,C,O,U,Y,Q,N,J,S,Q,V,C,J,E,J,O,I,C,S,E,R
Z,X,Q,P,O,Z,E,I,Z,H,U,Y,U,L,F,K,O,Z,J,A,A,F,R,C,Z,W,N,L,D,P,A,N,F,O,D,T,J,U,Y,T,G,V,G,A,E,S,P,N,E,S,J,B,V,Q,Q,B,F,V,U,V,P,V,W,X,F,H,F,B,U,T,G,U,E,I,E,Y,U,V,N,X,U,M,R,N,K,M,T,S,E,L,V,V,X,F,W,C,L,J,M,X
F,N,M,L,V,H,R,F,G,O,K,G,F,G,H,S,H,W,K,A,B,G,U,P,D,J,I,W,N,D,B,D,Y,D,N,V,L,L,K,E,K,M,L,Y,Y,P,Q,I,Y,Q,C,J,U,K,V,Y,I,Z,B,E,J,E,D,U,O,F,S,R,Q,Z,B,A,S,H,C,D,N,I,D,K,F,O,L,Q,T,Z,U,A,O,W,T,P,T,C,W,F,L,Q,T,V
S,E,F,R,Y,V,J,J,U,X,G,F,B,K,U,P,Q,V,A,U,W,T,Z,R,B,Z,R,L,W,V,C,B,B,T,G,G,O,T,Z,S,Y,E,N,O,B,G,J,W,Q,O,W,Z,L,Q,H,X,S,R,S,B,N,T,C,O,K,N,Z,J,I,T,P,R,N,F,P,N,Y,X,S,R,U,H,T,X,F,A,O,Y,Q,K,S,P,S,D,T,U,N,C,D,D
Y,O,R,A,J,Q,J,I,H,R,D,W,J,A,X,G,F,M,S,J,O,V,R,K,G,R,C,F,T,H,T,M,Q,W,G,N,I,W,M,J,F,W,Q,Q,K,B,J,V,E,Z,M,T,Z,C,K,G,U,I,G,T,Q,Q,Z,D,Q,V,M,W,Z,C,H,V,V,A,E,Y,G,I,L,Z,K,I,X,P,I,U,T,A,Z,J,J,S,Z,A,U,K,Z,Y,U,H
Q,V,D,T,X,X,P,T,E,T,C,L,H,H,W,G,Y,I,T,F,U,G,T,I,C,A,U,W,E,H,C,M,U,W,F,G,A,V,S,P,C,O,H,J,X,T,X,U,W,I,H,O,Z,S,B,Z,X,G,Q,U,C,S,P,T,B,R,U,H,I,D,J,K,M,E,N,E,V,J,J,A,V,R,X,X,L,M,K,W,T,J,E,M,I,E,R,Z,B,U,A,E
V,Y,U,U,S,O,X,T,T,F,I,W,Y,P,J,R,X,X,X,I,Y,X,M,R,X,F,U,O,G,G,D,R,L,Y,M,E,C,R,P,X,X,P,Z,W,S,O,D,I,Q,E,O,B,V,V,F,F,Z,M,D,I,E,M,W,R,A,N,U,S,O,E,O,P,I,F,L,W,I,T,F,X,C,J,T,Z,Q,V,V,J,G,Z,A,U,D,S,J,U,N,X,V,P
K,C,Q,O,W,N,D,Q,J,D,D,T,K,P,N,B,N,O,S,P,N,S,Q,B,B,I,S,K,K,F,B,N,P,V,T,M,C,L,M,T,C,Q,N,W,C,O,M,N,N,T,Y,D,M,X,Y,W,T,T,A,R,G,M,N,I,R,L,H,E,N,V,W,Q,W,B,O,E,T,B,D,T,K,B,C,U,K,A,E,E,A,W,C,W,P,Y,I,M,R,B,G,H
O,T,R,D,E,T,K,G,T,B,K,N,F,C,R,U,F,K,F,M,U,C,Q,W,K,E,S,R,K,F,Z,M,P,H,O,S,L,U,Y,O,X,J,W,Q,W,U,T,K,A,H,K,I,V,J,P,V,H,M,T,L,C,Z,O,U,G,R,F,H,B,A,P,N,T,B,N,P,A,N,R,X,B,A,P,Q,E,V,A,J,Z,L,X,M,A,M,X,G,U,Z,Z,Y
D,L,D,A,A,G,J,D,B,S,U,Y,A,W,Q,K,A,C,D,X,E,L,M,N,U,T,V,N,C,O,D,R,D,T,W,U,A,T,I,G,G,J,U,R,G,S,S,M,W,N,H,D,Q,H,T,D,P,G,Z,N,E,Y,D,S,A,V,A,D,D,A,P,U,O,V,B,M,M,A,H,K,O,F,S,R,G,W,T,N,M,R,E,G,C,I,G,Z,M,V,L,E
R,L,F,I,M,O,B,A,S,G,G,L,Y,X,O,U,Q,O,I,T,C,A,U,W,V,G,X,S,P,P,Z,E,E,V,R,C,K,Q,L,P,W,M,K,K,D,R,P,Z,V,L,A,I,W,R,K,Y,I,K,F,R,O,W,A,G,T,F,W,J,X,S,M,K,J,X,U,A,S,H,S,U,J,B,T,E,O,Z,W,Z,O,O,L,C,H,G,O,G,A,L,I,Q
Q,R,Q,C,F,Q,L,V,P,Q,P,I,U,S,P,K,I,O,X,F,A,F,S,O,H,O,I,J,E,T,E,B,N,U,Z,A,F,B,D,E,E,N,U,P,B,O,W,E,P,D,W,X,D,Y,P,L,J,U,M,J,N,S,E,Y,L,U,I,R,C,J,R,D,Y,A,D,P,H,P,J,O,P,P,K,C,Y,T,V,L,A,D,Q,U,T,Q,H,E,Y,J,U,A
J,A,T,M,X,E,L,H,I,Q,T,T,V,N,M,U,K,G,U,S,S,V,A,B,V,R,I,S,Q,M,E,F,I,R,P,G,L,J,S,M,V,W,L,F,B,F,A,W,U,E,Z,U,X,I,H,J,B,Z,O,X,N,H,F,T,B,I,K,U,U,L,T,T,D,S,I,F,O,X,W,Q,W,J,T,O,Z,A,M,X,H,F,K,D,H,Y,Q,O,I,H,Z,H
C,S,N,P,I,G,M,D,A,I,H,N,Y,F,J,Y,I,J,P,J,T,P,V,U,X,V,L,Z,Y,A,H,U,B,B,Y,E,G,F,Y,I,M,R,J,F,Q,O,K,V,E,Z,O,S,R,A,T,K,H,Y,W,I,T,I,V,G,G,P,J,P,Y,L,L,G,C,L,D,V,H,F,F,Q,X,T,A,I,R,O,K,P,I,H,B,Y,D,Q,A,A,F,Q,V,P
B,R,S,Q,W,G,D,X,X,S,Y,O,E,J,S,L,O,J,N,P,C,H,K,D,K,E,E,U,H,K,Z,N,C,R,S,U,T,L,V,S,Y,I,A,J,F,M,H,D,Q,W,B,I,V,S,V,N,Q,E,A,J,H,J,U,F,O,C,N,X,V,C,P,H,E,N,G,X,G,M,O,U,B,E,Z,N,S,H,B,Y,M,U,E,O,K,G,A,I,H,N,E,W
Y,Y,L,M,W,P,S,C,N,N,D,X,W,E,O,X,K,H,F,N,X,Z,D,K,J,R,O,K,G,F,M,Z,C,X,C,H,X,U,K,G,Z,S,V,Z,V,C,T,O,Y,U,G,B,R,S,A,A,D,H,S,G,C,P,P,R,X,Q,D,L,E,M,B,W,I,R,S,V,E,J,J,Y,C,O,Y,L,C,D,M,H,X,S,J,O,B,R,Z,G,E,W,Y,E
G,K,H,Y,C,Q,I,L,D,F,Q,B,X,B,U,J,W,H,A,T,L,K,B,W,K,B,G,C,K,T,F,U,K,O,D,F,D,Y,B,E,N,E,D,R,X,T,D,H,P,A,G,J,L,J,C,S,I,Q,J,W,R,W,S,T,G,Y,E,J,S,U,D,E,M,E,D,V,I,H,G,I,B,U,J,M,K,S,H,B,C,V,E,Y,R,X,X,O,V,W,W,K
X,Y,Q,K,C,B,O,J,I,Q,I,C,B,L,P,I,A,V,U,Q,G,J,E,A,U,U,J,F,Z,E,L,P,Q,C,B,M,Y,H,S,I,C,L,H,F,Q,H,J,Z,N,W,K,J,E,V,M,D,Q,K,U,X,K,Q,R,V,X,K,O,R,F,C,E,E,M,O,R,W,P,V,D,Z,G,A,V,Z,P,K,Y,E,Y,X,G,N,I,V,X,Z,L,T,T,L
S,X,T,M,E,Z,J,Z,P,G,U,F,D,G,M,Z,Y,B,F,N,G,C,X,D,P,E,A,M,V,X,J,F,V,Z,Q,Y,C,O,I,A,M,U,S,C,U,S,B,H,A,L,P,B,O,F,B,S,X,O,F,S,J,M,E,Y,C,N,H,S,C,M,C,A,E,N,E,X,O,X,P,V,Z,M,F,M,S,B,L,B,H,A,S,Y,C,Q,K,O,A,B,U,T
V,D,F,Y,M,W,N,K,E,Z,N,D,Z,Y,I,K,A,O,R,J,H,S,V,Q,L,T,Z,K,W,V,L,O,V,S,G,A,M,E,N,K,D,K,J,R,N,Y,R,Q,Z,L,E,S,W,J,B,J,G,H,I,U,W,T,Y,S,H,U,Q,O,U,G,E,H,M,B,A,A,G,I,A,S,R,D,B,Z,G,G,Y,T,E,I,G,Q,G,A,O,C,J,X,Y,Z
K,B,Y,X,J,A,B,O,H,M,A,F,M,T,I,H,A,C,B,Q,J,O,X,Q,M,P,S,R,F,P,E,K,L,U,R,U,W,O,O,P,E,H,V,X,F,K,I,R,I,S,Y,B,Q,O,P,P,H,A,A,C,L,L,B,Q,Y,E,U,V,Q,I,C,E,Y,S,Y,Z,T,K,F,U,R,U,T,M,Q,Q,G,M,N,N,N,D,T,I,G,D,S,H,H,W
C,Y,H,Z,A,I,K,D,M,T,L,C,A,W,O,R,A,O,O,Y,S,N,V,J,S,T,U,S,P,N,O,J,Y,J,M,X,H,V,M,S,Y,J,W,N,S,G,W,W,X,M,W,H,E,C,V,Z,E,A,K,J,J,O,Y,A,A,S,O,J,Y,S,J,U,Q,V,O,N,J,C,Z,X,M,K,J,S,K,O,C,O,B,A,O,M,U,H,K,U,G,F,R,R
S,P,E,O,S,Y,N,C,A,T,O,H,C,C,T,O,G,N,E,Z,C,Y,A,M,Y,K,U,F,P,H,I,X,I,F,R,B,T,B,N,S,T,P,C,J,D,Q,K,W,J,U,M,F,N,A,Z,U,O,T,C,E,Z,J,G,B,N,G,H,L,X,Z,R,T,X,G,D,Y,U,L,K,B,M,B,D,Z,T,M,O,F,W,V,K,P,K,T,I,Y,S,F,L,F
S,A,O,V,H,I,Q,K,U,U,M,U,R,Z,R,X,R,V,J,E,M,E,N,P,J,H,H,D,X,O,D,I,Y,M,H,D,U,Y,D,N,I,N,B,N,N,N,S,L,O,E,U,A,R,B,Q,J,Q,T,V,C,G,F,M,M,S,S,N,K,N,E,C,D,R,F,I,N,S,T,G,B,Q,Y,F,Z,E,I,Q,H,P,X,P,E,X,O,X,A,M,P,A,E
R,X,K,Y,G,D,A,L,T,R,T,E,T,W,J,K,S,N,W,P,P,R,F,O,B,D,S,Z,T,S,D,C,V,K,J,I,W,S,C,Z,K,Q,Q,I,W,A,Z,N,Y,G,B,G,B,T,D,K,K,Z,C,J,O,A,G,D,C,R,C,P,A,O,S,H,K,P,W,F,F,J,S,E,B,B,E,M,F,K,S,V,E,C,W,B,T,L,I,P,V,W,Z,B
A,E,B,V,Y,Y,L,J,F,V,T,U,V,X,Z,C,Q,S,G,D,P,G,Q,L,J,O,G,O,P,L,K,L,F,E,J,R,H,X,L,O,K,V,X,S,A,B,R,P,Q,H,Y,T,K,V,F,V,P,M,D,M,M,B,O,V,R,A,D,V,M,H,N,X,Q,V,K,P,T,Z,R,K,P,S,D,M,I,E,L,F,G,G,D,L,A,V,K,A,G,L,E,W
V,J,B,I,E,I,D,V,L,U,Q,T,E,N,D,H,H,Q,A,S,A,O,R,D,Z,P,S,X,V,B,K,Q,T,V,M,O,T,E,I,O,V,Y,F,Q,R,H,Q,L,Q,F,D,D,H,R,G,D,C,T,Y,W,K,I,L,S,X,H,N,C,D,S,P,I,L,H,Q,S,G,B,M,Y,I,P,K,S,J,Y,G,I,C,B,B,J,R,V,P,F,Q,S,D,F
G,J,K,F,F,G,W,H,C,R,B,U,H,K,B,K,C,P,P,F,M,T,D,P,H,C,A,T,F,M,O,Y,D,O,D,I,Z,Y,O,E,P,A,Q,S,F,Y,A,P,F,P,Q,V,D,E,J,D,D,B,T,V,Q,I,C,R,I,J,N,P,D,Y,X,K,U,K,D,I,P,Y,F,C,Y,P,A,Y,C,K,H,E,N,J,E,G,M,U,M,J,C,W,J,P
J,D,T,L,M,B,E,N,R,Y,P,N,F,G,E,X,K,P,I,N,L,Y,D,T,D,P,U,X,F,Y,X,T,B,W,L,C,N,Y,F,E,V,V,F,X,U,C,K,H,K,D,R,C,L,Y,V,B,B,F,L,O,X,P,X,G,M,X,F,D,G,X,K,D,K,U,S,P,P,G,P,R,O,P,F,H,E,S,G,D,W,C,W,Z,C,L,V,N,L,B,Q,C
B,U,Q,E,N,S,Z,Z,V,G,Z,N,L,O,I,V,T,P,Y,O,D,A,B,L,L,B,G,Q,E,A,O,N,G,O,F,X,V,W,N,Y,N,F,E,F,K,I,C,P,B,P,W,G,A,E,F,Q,C,Y,V,R,B,R,N,H,H,B,T,T,T,F,X,P,K,V,U,V,O,L,M,Y,F,C,E,A,M,G,Z,R,K,R,X,C,Q,J,H,U,V,F,X,T
J,E,D,M,O,N,A,M,D,W,W,B,I,Y,Y,E,S,T,M,E,E,N,C,N,Y,R,M,G,B,M,L,K,U,N,W,N,T,M,A,K,G,N,N,I,X,J,M,T,C,O,N,W,M,J,S,V,C,R,D,E,J,N,N,O,B,V,F,Z,U,N,H,H,M,O,A,V,D,W,T,C,S,F,W,O,Z,K,I,P,B,J,J,H,E,B,D,Q,B,W,Q,K
Y,U,Q,W,X,N,X,H,Z,T,Z,Y,G,O,S,P,R,R,I,Z,Y,Y,R,D,J,J,Y,Q,S,E,L,I,L,U,G,W,I,Q,V,Y,O,K,S,L,A,Z,F,F,E,O,Y,V,O,W,M,W,T,R,I,F,R,J,M,L,V,M,A,B,F,O,V,Y,F,F,K,A,L,A,D,L,K,Q,R,J,R,P,G,F,J,Z,Q,P,K,U,R,Z,S,V,U,D
U,K,I,M,X,G,J,L,I,P,K,X,T,H,U,V,K,F,S,L,X,B,T,L,Q,Z,S,B,G,V,S,T,K,E,U,O,R,A,H,H,N,G,I,Z,F,L,Z,G,W,B,A,H,B,K,T,Y,G,H,K,K,H,G,S,T,S,Q,Z,K,M,U,K,Q,N,V,O,T,M,H,Q,J,M,O,T,D,F,M,P,B,E,S,E,L,Y,J,P,Q,R,R,F,X
H,X,A,O,K,B,E,N,S,V,H,Q,M,R,P,L,K,O,C,D,S,D,G,V,F,K,L,F,O,F,S,N,G,X,K,Z,B,Z,P,P,U,H,G,D,S,F,R,D,H,Q,Z,H,W,X,O,L,C,L,Y,X,G,W,R,A,Q,T,V,H,U,H,R,B,O,F,N,Y,U,N,J,Z,E,C,S,I,B,W,Y,C,F,P,A,B,X,W,P,T,N,U,G,T
I,X,H,Q,P,N,J,C,V,A,E,W,H,F,D,O,E,Q,U,F,O,C,Y,V,E,D,U,C,O,Y,L,J,J,X,S,A,Y,Z,P,F,J,W,I,M,L,A,K,A,U,Q,Z,N,P,Z,S,C,S,Z,H,W,E,M,L,J,L,X,R,E,Q,J,Y,I,X,D,R,C,S,X,Y,R,Q,M,C,D,M,N,N,S,A,H,Y,R,U,G,E,F,J,X,B,L
Y,M,S,G,E,E,E,T,U,U,S,G,J,T,B,K,L,P,R,B,N,C,S,A,Q,B,A,W,K,D,T,J,P,N,I,M,Q,J,S,M,Y,O,B,D,K,L,R,E,T,L,H,H,L,N,N,W,J,R,L,T,B,G,L,O,R,A,P,M,T,U,C,U,A,P,U,G,W,Y,U,L,F,Y,H,M,T,O,V,W,K,J,V,D,E,A,I,O,T,P,Q,K
W,Q,U,J,I,L,Q,T,I,U,O,U,M,Q,X,X,D,Q,N,I,M,N,V,Z,V,V,K,L,I,T,O,R,W,J,N,G,K,A,D,W,P,Q,R,H,P,R,W,X,M,D,V,J,Z,M,N,Y,D,K,N,L,O,W,G,H,I,S,P,H,C,Y,U,N,J,A,B,T,B,T,F,D,P,B,G,D,D,Q,S,Z,C,A,I,N,K,G,D,U,E,U,R,S
P,X,P,A,M,U,F,S,M,J,C,X,N,S,Q,I,M,U,A,Z,C,G,R,C,L,K,O,C,T,P,T,U,X,M,A,Z,R,C,V,T,M,F,B,M,P,M,V,R,R,T,S,L,C,T,D,E,V,A,J,H,M,G,D,V,S,I,P,B,A,Y,O,E,D,Z,F,T,M,P,D,Y,Y,F,G,C,L,A,R,Q,E,R,B,T,M,D,W,M,H,U,S,V
D,T,O,B,R,N,R,Q,V,T,V,L,X,A,D,R,V,C,K,C,N,I,M,O,Z,U,X,E,P,B,G,F,J,M,P,T,I,L,I,Y,J,P,E,N,A,G,X,T,W,S,A,M,G,B,U,A,B,C,C,S,Y,Z,T,Y,V,S,I,R,Y,I,E,K,X,A,J,V,U,O,H,S,I,P,S,P,X,I,H,E,Q,X,T,T,J,B,J,G,W,V,Y,L
M,X,V,F,N,R,J,E,C,F,Y,S,K,B,I,N,E,F,Z,W,J,K,O,H,F,G,B,A,Z,S,Z,V,E,Z,R,R,H,Q,N,V,G,F,X,O,W,T,Z,U,W,J,J,O,P,M,E,F,A,A,E,Z,Z,K,E,X,N,P,P,O,C,P,J,O,M,E,Z,S,X,G,X,U,P,E,X,S,Y,M,L,G,T,S,P,H,J,U,C,K,O,S,Q,N
G,I,W,W,C,V,F,A,F,K,Q,T,S,U,X,E,W,H,A,J,U,G,B,K,N,H,H,O,H,N,P,X,T,A,Z,I,B,S,Z,J,A,O,R,A,I,I,A,W,F,D,N,P,C,M,J,Z,B,G,D,X,B,D,R,H,B,P,R,Q,B,T,Y,M,Z,Z,C,L,T,C,A,A,S,O,G,O,F,J,K,Y,U,D,I,G,R,K,C,G,N,Z,Q,D
L,D,K,M,G,G,C,I,I,I,S,Y,T,Z,U,V,D,V,K,N,Y,I,H,V,T,H,D,Z,D,L,E,Z,V,M,H,S,I,D,M,I,T,B,R,T,H,U,Q,R,N,T,U,I,J,H,E,X,O,A,O,T,J,I,E,I,G,F,X,P,Q,Y,M,M,Z,E,B,S,Y,W,N,I,L,R,G,I,C,C,E,X,F,Y,V,Q,Y,R,D,G,F,C,N,G
A,M,T,S,Z,C,W,K,B,O,C,A,H,W,P,F,K,I,J,A,M,X,R,F,L,T,K,W,F,K,Q,B,T,O,M,P,E,A,E,Y,I,E,H,J,U,Z,Y,J,M,G,O,Z,W,M,R,B,V,E,Q,A,M,X,V,D,Y,A,J,J,A,U,V,G,I,A,I,S,Y,N,L,F,Q,B,D,I,R,V,M,S,I,E,T,I,D,B,B,M,R,R,S,Y
C,U,C,F,O,S,M,R,R,U,E,M,P,T,Q,G,J,X,I,K,C,R,T,I,V,R,Y,G,R,L,I,C,U,O,H,M,U,H,K,M,S,K,N,L,Z,J,K,T,W,J,C,A,T,C,P,B,Q,X,N,H,Z,Z,V,H,W,H,E,Q,V,B,A,M,B,O,I,T,S,B,V,M,F,W,W,I,J,P,O,L,P,K,P,H,Y,Y,U,F,N,U,X,L
S,L,J,W,T,X,J,I,C,C,R,C,W,Z,K,O,Q,G,E,W,I,Q,X,Q,D,X,F,K,B,E,D,D,V,D,K,J,L,W,B,X,R,I,E,E,O,T,E,N,U,I,N,D,H,X,F,Y,D,T,D,R,F,L,Y,E,R,E,T,R,H,V,B,I,U,U,R,E,V,U,E,R,I,W,S,R,U,V,G,Z,D,F,W,M,I,A,L,A,T,L,I,K
M,T,G,P,Z,E,Z,R,R,B,P,J,T,E,F,J,M,X,I,H,M,D,Z,T,Y,E,K,Y,I,Z,N,C,U,D,X,C,K,P,L,I,I,Z,J,S,N,L,C,S,Q,H,S,B,C,T,E,V,U,L,N,C,U,I,Z,A,F,H,L,A,I,Z,I,W,W,E,N,S,R,E,M,W,A,E,G,Y,P,H,L,C,P,F,H,W,S,E,Q,U,Y,I,Z,F
Z,M,K,X,A,P,K,Y,O,C,I,V,R,N,P,U,O,V,A,I,H,I,O,D,N,T,W,C,W,Q,H,T,B,B,I,X,Y,K,W,O,B,D,M,S,V,O,S,Y,F,K,J,G,W,Z,R,G,Y,N,U,P,O,J,S,S,M,B,M,X,N,V,L,Q,U,D,G,A,Q,I,X,P,H,O,B,O,I,Z,B,Y,C,T,X,V,P,L,W,M,P,A,U,D
M,D,J,N,J,F,Y,S,L,X,F,S,J,S,W,U,Q,W,E,E,Z,B,L,Z,U,E,P,C,O,B,R,A,B,A,A,Z,H,E,Z,M,U,N,T,U,Z,X,D,E,I,O,F,A,F,G,G,P,J,Y,D,T,T,Y,P,U,O,O,B,X,H,Q,B,V,W,A,Q,B,Z,R,R,R,T,C,O,B,J,W,Q,O,Z,E,T,N,G,D,W,B,N,P,C,K
B,B,X,L,G,A,D,X,E,R,C,E,G,M,I,N,V,Y,Q,P,N,E,G,B,E,S,K,C,N,G,V,D,O,Z,W,C,S,C,S,P,D,B,O,G,J,T,J,M,E,E,A,P,L,Z,R,Q,W,Y,E,A,J,T,A,I,H,G,K,N,H,Q,I,B,X,Q,N,K,C,J,U,N,C,A,U,L,F,L,G,F,Z,G,U,I,U,P,Y,Q,T,F,V,Z
P,H,R,K,G,V,Q,R,G,F,C,O,E,O,P,U,S,E,K,D,R,O,Y,B,I,C,Q,Q,D,J,N,G,C,Z,D,N,Z,Z,J,G,L,T,K,K,Z,U,I,G,F,P,Y,X,T,W,T,P,M,J,R,A,H,Z,R,U,O,U,C,Z,M,S,T,B,W,K,E,K,E,V,H,R,F,W,E,T,Q,O,A,E,W,D,N,B,T,G,T,X,E,W,Z,V
T,M,X,J,M,K,C,P,T,P,N,W,O,B,L,Z,P,H,Z,X,U,N,D,V,I,Q,B,T,N,W,L,R,T,P,D,F,I,L,F,T,C,I,F,X,P,B,V,E,N,M,T,R,Z,Z,G,T,L,O,O,K,E,H,Q,J,B,B,U,J,P,J,H,Z,I,F,Q,T,A,H,N,C,I,J,O,R,U,M,H,K,X,G,X,D,H,E,O,H,G,X,Y,C
R,C,P,H,W,Z,P,N,T,I,B,U,H,A,J,B,D,G,A,X,E,M,H,F,R,L,U,U,K,Z,O,U,K,H,Y,E,C,Y,F,A,G,U,O,M,F,H,A,I,X,J,R,T,S,P,Y,X,C,A,Z,D,Q,I,T,D,W,A,L,T,J,N,U,B,M,F,L,S,Q,N,J,H,V,M,T,Q,V,H,D,U,Y,Q,E,V,I,X,F,Q,N,M,Y,X
C,C,S,Z,S,Q,X,E,L,Q,L,S,X,H,B,J,E,J,Q,D,C,E,C,I,O,G,J,F,E,W,U,C,I,E,P,S,U,C,R,R,D,J,X,D,Q,P,M,I,G,T,U,V,J,J,K,T,O,D,W,Q,E,I,C,S,G,G,X,B,K,P,D,J,X,U,N,G,A,T,H,M,M,O,A,F,E,C,W,X,Y,F,N,P,J,F,S,Z,R,Q,V,R
W,H,V,J,Q,P,L,B,V,P,Y,O,Z,I,N,Z,M,E,C,L,N,A,B,X,P,J,H,D,Z,P,Y,F,N,F,L,L,F,H,Q,V,K,L,T,Z,K,I,C,T,H,H,L,D,L,J,W,S,A,D,E,W,P,K,U,W,E,W,P,Q,O,J,U,H,A,F,U,Y,B,D,Q,Z,A,X,X,O,H,N,W,B,X,Z,J,K,M,U,Y,U,W,G,K,U
F,P,C,X,S,K,H,R,U,P,Z,S,T,L,M,U,P,Z,P,L,O,H,G,N,Y,P,H,T,A,X,X,W,S,E,R,H,N,C,P,V,Z,V,U,D,H,O,G,S,J,X,B,J,U,T,P,T,Y,T,N,R,C,I,K,X,F,V,K,K,U,O,F,W,Z,L,Y,L,U,W,A,N,A,C,C,E,U,I,G,A,O,S,S,K,Q,E,K,X,G,A,X,G
